<?xml version="1.0"?>
<!--
/**
* @author Amasty Team
* @copyright Copyright (c) 2022 Amasty (https://www.amasty.com)
* @package Amasty_CheckoutCore
*/
-->
<config xmlns:xsi="http://www.w3.org/2001/XMLSchema-instance" xsi:noNamespaceSchemaLocation="urn:magento:framework:ObjectManager/etc/config.xsd">
    <type name="Magento\Customer\Model\Metadata\Form">
        <plugin name="Amasty_CheckoutCore::MetadataForm" type="Amasty\CheckoutCore\Plugin\Customer\Metadata\Form"/>
    </type>
    <type name="Magento\Sales\Block\Adminhtml\Order\Address\Form">
        <plugin name="Amasty_CheckoutCore::SalesOrderAddressForm" type="Amasty\CheckoutCore\Plugin\Sales\Admin\Order\Address\Form"/>
    </type>
    <type name="Magento\Config\Block\System\Config\Form">
        <plugin name="Amasty_CheckoutCore::ExpanderBlockRenderer" type="Amasty\CheckoutCore\Plugin\Config\Block\System\Config\FormPlugin"/>
    </type>
    <type name="Magento\Customer\Model\Address\DataProvider">
        <plugin name="Amasty_CheckoutCore::CustomerAddressDataProvider" type="Amasty\CheckoutCore\Plugin\Customer\Address\DataProvider"/>
    </type>
    <type name="Amasty\Base\Model\ModuleInfoProvider">
        <plugin name="Amasty_CheckoutCore::restrictModuleOSCInMenu" type="Amasty\CheckoutCore\Plugin\Base\Model\ModuleInfoProvider\RestrictOSC" />
    </type>
</config>
