<?xml version="1.0"?>
<!--
/**
 * @author Amasty Team
 * @copyright Copyright (c) 2020 Amasty (https://www.amasty.com)
 * @package Amasty_SeoRichData
 */
-->
<config xmlns:xsi="http://www.w3.org/2001/XMLSchema-instance" xsi:noNamespaceSchemaLocation="urn:magento:framework:ObjectManager/etc/config.xsd">
    <!-- Save Breadcrumb Info -->
    <type name="Magento\Theme\Block\Html\Breadcrumbs">
        <plugin name="Amasty_SeoRichData::Block_Breadcrumbs" type="Amasty\SeoRichData\Plugin\Block\Breadcrumbs" />
    </type>

    <!-- Remove Malformed Review Rich Data -->
    <type name="\Magento\Review\Block\Product\ReviewRenderer">
        <plugin name="Amasty_SeoRichData::Block_Review" type="Amasty\SeoRichData\Plugin\Microdata\Replacer" />
    </type>
    <type name="\Magento\Framework\Pricing\Render\Amount">
        <plugin name="Amasty_SeoRichData::Price_Amount" type="Amasty\SeoRichData\Plugin\Microdata\Replacer" />
    </type>
    <type name="\Magento\Theme\Block\Html\Title">
        <plugin name="Amasty_SeoRichData::Html_Title" type="Amasty\SeoRichData\Plugin\Microdata\Replacer" />
    </type>
    <type name="\Magento\Catalog\Block\Product\View\Description">
        <plugin name="Amasty_SeoRichData::Product_Description" type="Amasty\SeoRichData\Plugin\Microdata\Replacer" />
    </type>
    <type name="\Yotpo\Yotpo\Block\Yotpo">
        <plugin name="Amasty_SeoRichData::Yotpo" type="Amasty\SeoRichData\Plugin\Microdata\Replacer" />
    </type>
</config>
