<?xml version="1.0"?>
<!--
/**
* @author Amasty Team
* @copyright Copyright (c) 2022 Amasty (https://www.amasty.com)
* @package Amasty_CheckoutCore
*/
-->

<config xmlns:xsi="http://www.w3.org/2001/XMLSchema-instance" xsi:noNamespaceSchemaLocation="urn:magento:framework:ObjectManager/etc/config.xsd">
    <preference for="\Amasty\CheckoutCore\Api\FeeRepositoryInterface" type="Amasty\CheckoutCore\Model\FeeRepository" />

    <preference for="\Amasty\CheckoutCore\Api\ItemManagementInterface" type="Amasty\CheckoutCore\Model\ItemManagement" />
    <preference for="\Amasty\CheckoutCore\Api\GuestItemManagementInterface" type="Amasty\CheckoutCore\Model\GuestItemManagement" />

    <preference for="Amasty\CheckoutCore\Api\Data\AdditionalFieldsInterface" type="Amasty\CheckoutCore\Model\AdditionalFields" />
    <preference for="Amasty\CheckoutCore\Api\AdditionalFieldsManagementInterface" type="Amasty\CheckoutCore\Model\AdditionalFieldsManagement" />
    <preference for="Amasty\CheckoutCore\Api\GuestAdditionalFieldsManagementInterface" type="Amasty\CheckoutCore\Model\GuestAdditionalFieldsManagement" />

    <preference for="Amasty\CheckoutCore\Api\AccountManagementInterface" type="Amasty\CheckoutCore\Model\AccountManagement" />

    <preference for="Amasty\CheckoutCore\Api\Data\QuoteCustomFieldsInterface" type="Amasty\CheckoutCore\Model\QuoteCustomFields" />
    <preference for="Amasty\CheckoutCore\Api\Data\OrderCustomFieldsInterface" type="Amasty\CheckoutCore\Model\OrderCustomFields" />

    <preference for="Amasty\CheckoutCore\Api\Data\QuotePasswordsInterface" type="Amasty\CheckoutCore\Model\QuotePasswords" />
    <preference for="Amasty\CheckoutCore\Api\QuotePasswordsRepositoryInterface" type="Amasty\CheckoutCore\Model\QuotePasswordsRepository" />

    <preference for="Amasty\CheckoutCore\Api\GuestQuoteManagementInterface" type="Amasty\CheckoutCore\Model\GuestQuoteManagement" />
    <preference for="Amasty\CheckoutCore\Api\QuoteManagementInterface" type="Amasty\CheckoutCore\Model\QuoteManagement" />

    <preference for="Amasty\CheckoutCore\Api\MergeJsInterface" type="Amasty\CheckoutCore\Model\Optimization\MergeFileRepository" />

    <preference for="Amasty\CheckoutCore\Api\CheckoutBlocksProviderInterface" type="Amasty\CheckoutCore\Model\Config\CheckoutBlocksProvider" />

    <preference for="Amasty\CheckoutCore\Api\DeliveryDateStatisticInterface" type="Amasty\CheckoutCore\Model\DeliveryDateStatistic" />

    <preference for="Amasty\CheckoutCore\Api\GiftWrapProviderInterface" type="Amasty\CheckoutCore\Model\GiftWrapProvider" />

    <type name="Magento\Framework\View\Element\UiComponent\DataProvider\CollectionFactory">
        <arguments>
            <argument name="collections" xsi:type="array">
                <item name="quote_data_source" xsi:type="string">Amasty\CheckoutCore\Model\ResourceModel\Quote\Grid\Collection</item>
            </argument>
        </arguments>
    </type>
    <virtualType name="Amasty\CheckoutCore\Model\ResourceModel\Quote\Grid\Collection" type="Magento\Framework\View\Element\UiComponent\DataProvider\SearchResult">
        <arguments>
            <argument name="mainTable" xsi:type="string">quote</argument>
            <argument name="resourceModel" xsi:type="string">Magento\Quote\Model\ResourceModel\Quote</argument>
        </arguments>
    </virtualType>
<!--    API payments disabler START -->
<!--    if payment disabled then do not request any API and do not output config. usage in frontend DI-->
    <virtualType name="BraintreeGooglePayIsActivePlugin" type="Amasty\CheckoutCore\Plugin\Braintree\Model\AbstractConfigProviderPlugin">
        <arguments>
            <argument name="paymentConfig" xsi:type="object">Magento\Braintree\Model\GooglePay\Config</argument>
        </arguments>
    </virtualType>
    <virtualType name="BraintreeIsActivePlugin" type="Amasty\CheckoutCore\Plugin\Braintree\Model\AbstractConfigProviderPlugin">
        <arguments>
            <argument name="paymentConfig" xsi:type="object">Magento\Braintree\Gateway\Config\Config</argument>
        </arguments>
    </virtualType>
    <virtualType name="BraintreeApplePayIsActivePlugin" type="Amasty\CheckoutCore\Plugin\Braintree\Model\AbstractConfigProviderPlugin">
        <arguments>
            <argument name="paymentConfig" xsi:type="object">Magento\Braintree\Model\ApplePay\Config</argument>
        </arguments>
    </virtualType>
    <virtualType name="BraintreeVenmoIsActivePlugin" type="Amasty\CheckoutCore\Plugin\Braintree\Model\AbstractConfigProviderPlugin">
        <arguments>
            <argument name="paymentConfig" xsi:type="object">BraintreeVenmoConfig</argument>
        </arguments>
    </virtualType>
    <virtualType name="BraintreeVenmoConfig" type="Magento\Payment\Gateway\Config\Config">
        <arguments>
            <argument name="methodCode" xsi:type="string">braintree_venmo</argument>
        </arguments>
    </virtualType>
    <virtualType name="BraintreeAchIsActivePlugin" type="Amasty\CheckoutCore\Plugin\Braintree\Model\AbstractConfigProviderPlugin">
        <arguments>
            <argument name="paymentConfig" xsi:type="object">BraintreeAchConfig</argument>
        </arguments>
    </virtualType>
    <virtualType name="BraintreeAchConfig" type="Magento\Payment\Gateway\Config\Config">
        <arguments>
            <argument name="methodCode" xsi:type="string">braintree_ach_direct_debit</argument>
        </arguments>
    </virtualType>
<!--PayPal Braintree-->
    <virtualType name="PPBraintreeGooglePayIsActivePlugin" type="Amasty\CheckoutCore\Plugin\Braintree\Model\AbstractConfigProviderPlugin">
        <arguments>
            <argument name="paymentConfig" xsi:type="object">Paypal\Braintree\Model\GooglePay\Config</argument>
        </arguments>
    </virtualType>
    <virtualType name="PPBraintreeIsActivePlugin" type="Amasty\CheckoutCore\Plugin\Braintree\Model\AbstractConfigProviderPlugin">
        <arguments>
            <argument name="paymentConfig" xsi:type="object">PayPal\Braintree\Gateway\Config\Config</argument>
        </arguments>
    </virtualType>
    <virtualType name="PPBraintreeApplePayIsActivePlugin" type="Amasty\CheckoutCore\Plugin\Braintree\Model\AbstractConfigProviderPlugin">
        <arguments>
            <argument name="paymentConfig" xsi:type="object">Paypal\Braintree\Model\ApplePay\Config</argument>
        </arguments>
    </virtualType>
<!--    API payments disabler FINISH -->
    <type name="Magento\Quote\Model\Cart\CartTotalRepository">
        <plugin name="Amasty_CheckoutCore::CartTotalRepository" type="Amasty\CheckoutCore\Plugin\Quote\Model\Cart\CartTotalRepository" />
    </type>
    <type name="Magento\Framework\Api\DataObjectHelper">
        <plugin name="Amasty_CheckoutCore::DataObjectHelper" type="Amasty\CheckoutCore\Plugin\Framework\Api\DataObjectHelperPlugin"/>
    </type>
    <type name="Magento\Payment\Model\Info">
        <plugin name="Amasty_CheckoutCore::PaymentModelInfo" type="Amasty\CheckoutCore\Plugin\Payment\Model\Info" />
    </type>
    <type name="Magento\Payment\Helper\Data">
        <plugin name="Amasty_CheckoutCore::PaymentHelperData" type="Amasty\CheckoutCore\Plugin\Payment\Helper\Data" />
    </type>
    <type name="Magento\Sales\Block\Items\AbstractItems">
        <plugin name="Amasty_CheckoutCore::OrderInfo" type="Amasty\CheckoutCore\Plugin\Sales\Block\Items\AbstractItems\AddComment" sortOrder="20"/>
    </type>
    <type name="Magento\Quote\Model\Quote">
        <plugin name="Amasty_CheckoutCore::Model_Quote" type="Amasty\CheckoutCore\Plugin\Model\QuotePlugin"/>
    </type>
    <type name="Amasty\CheckoutCore\Block\Adminhtml\System\Config\OrderAttributes">
        <arguments>
            <argument name="data" xsi:type="array">
                <item name="module_manager" xsi:type="object">Magento\Framework\Module\Manager</item>
            </argument>
        </arguments>
    </type>
    <type name="Amasty\CheckoutCore\Model\Subscription">
        <arguments>
            <argument name="customerSession" xsi:type="object">Magento\Customer\Model\Session\Proxy</argument>
        </arguments>
    </type>
    <type name="Amasty\CheckoutCore\Model\FieldsDefaultProvider">
        <arguments>
            <argument name="geolocation" xsi:type="object">Amasty\Geoip\Model\Geolocation\Proxy</argument>
        </arguments>
    </type>
    <type name="Amasty\Gdpr\Model\Source\CheckboxLocationCombine">
        <arguments>
            <argument name="optionGroups" xsi:type="array">
                <item name="amasty" xsi:type="array">
                    <item name="optionSources" xsi:type="array">
                        <item name="amasty_osc_gdpr" xsi:type="object">Amasty\CheckoutCore\Model\Config\Source\Gdpr\CheckboxLocation</item>
                    </item>
                </item>
            </argument>
        </arguments>
    </type>

    <type name="Magento\Bundle\Block\Catalog\Product\View\Type\Bundle\Option">
        <plugin name="Amasty_CheckoutCore::Bundle_Option" type="Amasty\CheckoutCore\Plugin\Block\Catalog\Product\View\Type\Bundle\OptionPlugin"/>
    </type>
    <type name="Magento\Checkout\CustomerData\DirectoryData">
        <plugin name="Amasty_CheckoutCore::DirectoryDataCache" type="Amasty\CheckoutCore\Plugin\Checkout\CustomerData\DirectoryDataPlugin"/>
    </type>
    <type name="Magento\Quote\Api\Data\AddressInterface">
        <plugin name="Amasty_CheckoutCore::FixExtensionAttributesType" type="Amasty\CheckoutCore\Plugin\Quote\AddressInterfacePlugin"/>
    </type>
    <type name="Magento\Checkout\Block\Onepage">
        <plugin sortOrder="40" name="Amasty_CheckoutCore::InitializeQuote" type="Amasty\CheckoutCore\Plugin\Checkout\Block\OnepagePlugin"/>
    </type>
    <type name="Magento\AdvancedSalesRule\Model\Rule\Condition\FilterTextGenerator\Address\PaymentMethod">
        <plugin name="Amasty_CheckoutCore::FixAdvancedSalesRules" type="Amasty\CheckoutCore\Plugin\AdvancedSalesRule\Model\Rule\Condition\FilterTextGenerator\Address\PaymentMethodPlugin"/>
    </type>
    <type name="Magento\Quote\Model\QuoteRepository\SaveHandler">
        <plugin name="Amasty_CheckoutCore::saveCustomAddressFields" type="Amasty\CheckoutCore\Plugin\Quote\Model\QuoteRepository\SaveHandlerPlugin"/>
    </type>
    <type name="Magento\Quote\Model\Quote\Address\CustomAttributeListInterface">
        <plugin name="Amasty_CheckoutCore::registerCustomAttributes" type="Amasty\CheckoutCore\Plugin\Quote\Model\Quote\Address\CustomAttributeListPlugin"/>
    </type>
    <type name="Magento\Quote\Model\QuoteRepository\LoadHandler">
        <plugin name="Amasty_CheckoutCore::loadAddressAttributeValues" type="Amasty\CheckoutCore\Plugin\Quote\Model\QuoteRepository\LoadHandlerPlugin"/>
    </type>

    <type name="Amasty\Gdpr\Model\Consent\DataProvider\CheckoutDataProvider">
        <plugin name="Amasty_CheckoutCore::skipCountryRestriction" type="Amasty\CheckoutCore\Plugin\Gdpr\Model\Consent\DataProvider\SkipCountryRestriction"/>
    </type>

    <type name="Amasty\CheckoutCore\Model\Field\Form\SaveField">
        <arguments>
            <argument name="allowedKeys" xsi:type="array">
                <item name="attribute_id" xsi:type="string">attribute_id</item>
                <item name="sort_order" xsi:type="string">sort_order</item>
                <item name="enabled" xsi:type="string">enabled</item>
                <item name="width" xsi:type="string">width</item>
                <item name="required" xsi:type="string">required</item>
                <item name="label" xsi:type="string">label</item>
                <item name="store_id" xsi:type="string">store_id</item>
            </argument>
        </arguments>
    </type>

    <type name="Amasty\CheckoutCore\Model\Field\Form\SaveHandler">
        <arguments>
            <argument name="processors" xsi:type="array">
                <item name="order_attributes"
                      xsi:type="object">Amasty\CheckoutCore\Model\Field\Form\Processor\OrderAttributes</item>
                <item name="customer_attributes"
                      xsi:type="object">Amasty\CheckoutCore\Model\Field\Form\Processor\CustomerAttributes</item>
                <item name="fields_by_store"
                      xsi:type="object">Amasty\CheckoutCore\Model\Field\Form\Processor\FieldsByStore</item>
                <item name="fields"
                      xsi:type="object">Amasty\CheckoutCore\Model\Field\Form\Processor\Fields</item>
            </argument>
        </arguments>
    </type>
</config>
