<?xml version="1.0"?>
<!--
/**
* @author Amasty Team
* @copyright Copyright (c) 2022 Amasty (https://www.amasty.com)
* @package Amasty_CheckoutCore
*/
-->
<config xmlns:xsi="http://www.w3.org/2001/XMLSchema-instance" xsi:noNamespaceSchemaLocation="urn:magento:framework:Event/etc/events.xsd">
    <event name="payment_cart_collect_items_and_amounts">
        <observer name="amasty_checkout"
                  instance="Amasty\CheckoutCore\Observer\Payment\Model\Cart\CollectTotalsAndAmounts" />
    </event>
    <event name="sales_model_service_quote_submit_before">
        <observer name="Amasty_CheckoutCore::set_comment" instance="Amasty\CheckoutCore\Observer\QuoteSubmit\BeforeSubmitObserver"/>
    </event>
    <event name="sales_model_service_quote_submit_success">
        <observer name="Amasty_CheckoutCore::set_orderid" instance="Amasty\CheckoutCore\Observer\QuoteSubmit\AfterSubmitObserver"/>
        <observer name="Amasty_CheckoutCore::sales_model_service_quote_submit" instance="Amasty\CheckoutCore\Observer\Sales\Model\Service\Quote\Submit" />
    </event>
    <event name="customer_address_format">
        <observer name="Amasty_CheckoutCore::order_address_renderer" instance="Amasty\CheckoutCore\Observer\Order\RendererAddressFormat" />
    </event>
    <event name="sales_model_service_quote_submit_failure">
        <observer name="Amasty_CheckoutCore::sales_model_service_quote_submit" instance="Amasty\CheckoutCore\Observer\Sales\Model\Service\Quote\Submit" />
    </event>
    <event name="adminhtml_cache_flush_all">
        <observer name="Amasty_CheckoutCore::delete_bundle" instance="Amasty\CheckoutCore\Observer\AdminhtmlCacheFlushAll"/>
    </event>

    <!--  Process GDPR consent codes  -->
    <event name="sales_order_place_after">
        <observer name="Amasty_CheckoutCore::process_gdpr_consents" instance="Amasty\CheckoutCore\Observer\QuoteSubmit\ProcessGdprConsents" />
        <observer name="amasty_gdpr" disabled="true" />
    </event>
</config>
