<?xml version="1.0" encoding="UTF-8"?>
<!--
/**
 * @author Amasty Team
 * @copyright Copyright (c) 2020 Amasty (https://www.amasty.com)
 * @package Amasty_Checkout
 */
-->
<csp_whitelist xmlns:xsi="http://www.w3.org/2001/XMLSchema-instance"
               xsi:noNamespaceSchemaLocation="urn:magento:module:Magento_Csp:etc/csp_whitelist.xsd">
    <policies>
        <policy id="img-src">
            <values>
                <value id="data" type="host">data:</value>
            </values>
        </policy>
        <policy id="script-src">
            <values>
                <value id="google_map" type="host">maps.googleapis.com</value>
            </values>
        </policy>
    </policies>
</csp_whitelist>
