<?xml version="1.0"?>
<!--
/**
 * @author Amasty Team
 * @copyright Copyright (c) 2020 Amasty (https://www.amasty.com)
 * @package Amasty_Checkout
 */
-->

<config xmlns:xsi="http://www.w3.org/2001/XMLSchema-instance" xsi:noNamespaceSchemaLocation="urn:magento:framework:Module/etc/module.xsd">
    <module name="Amasty_Checkout" setup_version="3.0.0">
        <sequence>
            <module name="Magento_Checkout" />
            <module name="Magento_Reward" />
            <module name="Amasty_Geoip" />
            <module name="TIG_PostNL" />
            <module name="PayPal_Braintree" />
            <module name="Magento_Braintree" />
        </sequence>
    </module>
</config>
